Date,Prediction,Std error,conf interval - lower,conf interval - upper,BCHARTS/BTCEUSD - Weighted Price
2011-08-15,,,,,10.6028782833
2011-08-16,,,,,11.1400605968
2011-08-17,,,,,10.5649069823
2011-08-18,,,,,10.5923991111
2011-08-19,,,,,10.9623016754
2011-08-20,,,,,10.9706049826
2011-08-21,,,,,11.5491124261
2011-08-22,,,,,11.0017463608
2011-08-23,,,,,10.7866524913
2011-08-24,,,,,10.787348848
2011-08-25,,,,,10.2217030257
2011-08-26,,,,,8.70885655579
2011-08-27,,,,,8.58888888889
2011-08-28,,,,,8.58472210066
2011-08-29,,,,,8.78185827698
2011-08-30,,,,,8.69518679925
2011-08-31,,,,,8.61797233304
2011-09-01,,,,,8.13099912568
2011-09-02,,,,,8.26074239211
2011-09-03,,,,,8.64262803025
2011-09-04,,,,,8.33547680686
2011-09-05,,,,,7.89535710053
2011-09-06,,,,,7.10352735605
2011-09-07,,,,,6.93875084768
2011-09-08,,,,,6.62781668932
2011-09-09,,,,,5.42366952583
2011-09-10,,,,,5.09532884532
2011-09-11,,,,,5.24793946778
2011-09-12,,,,,5.95988447917
2011-09-13,,,,,5.2790412931
2011-09-14,,,,,5.13255660742
2011-09-15,,,,,4.56086445321
2011-09-16,,,,,4.54542341333
2011-09-17,,,,,4.5025125708
2011-09-18,,,,,4.53096994104
2011-09-19,,,,,4.6872995522
2011-09-20,,,,,5.86343419493
2011-09-21,,,,,5.38212768488
2011-09-22,,,,,5.04189221118
2011-09-23,,,,,5.18254329903
2011-09-24,,,,,5.08191807116
2011-09-25,,,,,5.01048753151
2011-09-26,,,,,4.66875855221
2011-09-27,,,,,4.57518183981
2011-09-28,,,,,4.52525576543
2011-09-29,,,,,4.51205605262
2011-09-30,,,,,4.69115184885
2011-10-01,,,,,4.99999357849
2011-10-02,,,,,4.95983792958
2011-10-03,,,,,4.74961148109
2011-10-04,,,,,4.68901144905
2011-10-05,,,,,4.63623479465
2011-10-06,,,,,4.52058277653
2011-10-07,,,,,4.41877952423
2011-10-08,,,,,4.04396904587
2011-10-09,,,,,4.12083451221
2011-10-10,,,,,4.12172067857
2011-10-11,,,,,4.02127317849
2011-10-12,,,,,3.89362892965
2011-10-13,,,,,4.05275133681
2011-10-14,,,,,3.86996557328
2011-10-15,,,,,3.93277450092
2011-10-16,,,,,3.65110941366
2011-10-17,,,,,2.67281550423
2011-10-18,,,,,2.57450512089
2011-10-19,,,,,2.34770390668
2011-10-20,,,,,2.20993831239
2011-10-21,,,,,2.50992253929
2011-10-22,,,,,2.87254252203
2011-10-23,,,,,3.09850546411
2011-10-24,,,,,2.8099910922
2011-10-25,,,,,2.69356416758
2011-10-26,,,,,2.72285505031
2011-10-27,,,,,2.80693053544
2011-10-28,,,,,3.00578592683
2011-10-29,,,,,3.49045977456
2011-10-30,,,,,3.41653142253
2011-10-31,,,,,3.16064602915
2011-11-01,,,,,3.15566224571
2011-11-02,,,,,3.23296092862
2011-11-03,,,,,3.24547232019
2011-11-04,,,,,3.15312636882
2011-11-05,,,,,3.06958435631
2011-11-06,,,,,2.95562821737
2011-11-07,,,,,2.93445858211
2011-11-08,,,,,3.03397875306
2011-11-09,,,,,2.92617600787
2011-11-10,,,,,2.78818997983
2011-11-11,,,,,2.86397282449
2011-11-12,,,,,2.95831554481
2011-11-13,,,,,2.94431843108
2011-11-14,,,,,2.63999561025
2011-11-15,,,,,2.36456249773
2011-11-16,,,,,2.38771897487
2011-11-17,,,,,2.1707652737
2011-11-18,,,,,2.18655122616
2011-11-19,,,,,2.11297552431
2011-11-20,,,,,2.16644917405
2011-11-21,,,,,2.1389783779
2011-11-22,,,,,2.25171156926
2011-11-23,,,,,2.25560798973
2011-11-24,,,,,2.30655000707
2011-11-25,,,,,2.37657501802
2011-11-26,,,,,2.39936377191
2011-11-27,,,,,2.4310489957
2011-11-28,,,,,2.50384986142
2011-11-29,,,,,2.75101183687
2011-11-30,,,,,2.83749014895
2011-12-01,,,,,2.95672754567
2011-12-02,,,,,2.98633621038
2011-12-03,,,,,2.96848796947
2011-12-04,,,,,2.68348714218
2011-12-05,,,,,2.81557672148
2011-12-06,,,,,2.9033319538
2011-12-07,,,,,2.78876126948
2011-12-08,,,,,2.80103637131
2011-12-09,,,,,2.86024190596
2011-12-10,,,,,2.86383317328
2011-12-11,,,,,3.01513262652
2011-12-12,,,,,3.03904501803
2011-12-13,,,,,3.03862133272
2011-12-14,,,,,3.08043138177
2011-12-15,,,,,3.08484513637
2011-12-16,,,,,3.10272631026
2011-12-17,,,,,3.19631757373
2011-12-18,,,,,3.17044519861
2011-12-19,,,,,3.28186463679
2011-12-20,,,,,3.97580318752
2011-12-21,,,,,3.81100180757
2011-12-22,,,,,3.79004093516
2011-12-23,,,,,3.95480122327
2011-12-24,,,,,3.82286602562
2011-12-25,,,,,4.00169425676
2011-12-26,,,,,3.99961016173
2011-12-27,,,,,3.86141362185
2011-12-28,,,,,4.03101454768
2011-12-29,,,,,4.13969805031
2011-12-30,,,,,4.08088403345
2011-12-31,,,,,4.38423101756
2012-01-01,,,,,5.00336101609
2012-01-02,,,,,5.1771709523
2012-01-03,,,,,4.86793437793
2012-01-04,,,,,5.20416592825
2012-01-05,,,,,6.20642584457
2012-01-06,,,,,6.49451759446
2012-01-07,,,,,6.2995451545
2012-01-08,,,,,6.5519349068
2012-01-09,,,,,6.55628395215
2012-01-10,,,,,6.38530444696
2012-01-11,,,,,6.48238520712
2012-01-12,,,,,6.5014909288
2012-01-13,,,,,6.43780697731
2012-01-14,,,,,6.4856810693
2012-01-15,,,,,6.71980329313
2012-01-16,,,,,6.6076708598
2012-01-17,,,,,6.30569768138
2012-01-18,,,,,6.06389323449
2012-01-19,,,,,6.04359009928
2012-01-20,,,,,6.10575411061
2012-01-21,,,,,5.97662774911
2012-01-22,,,,,5.92877259747
2012-01-23,,,,,5.91172851099
2012-01-24,,,,,5.93032476947
2012-01-25,,,,,5.89858899874
2012-01-26,,,,,5.53224657909
2012-01-27,,,,,5.07297945448
2012-01-28,,,,,5.19773882119
2012-01-29,,,,,5.51908971654
2012-01-30,,,,,5.31821714076
2012-01-31,,,,,5.28675222942
2012-02-01,,,,,5.39324514276
2012-02-02,,,,,5.76170323133
2012-02-03,,,,,5.79102519173
2012-02-04,,,,,5.82971788056
2012-02-05,,,,,5.58596074756
2012-02-06,,,,,5.35632610647
2012-02-07,,,,,5.26796951718
2012-02-08,,,,,5.40789552819
2012-02-09,,,,,5.53099430484
2012-02-10,,,,,5.64556884548
2012-02-11,,,,,5.63777869552
2012-02-12,,,,,5.47307081006
2012-02-13,,,,,5.34168298197
2012-02-14,,,,,4.50114267532
2012-02-15,,,,,4.57867105117
2012-02-16,,,,,4.14030837973
2012-02-17,,,,,4.28015263931
2012-02-18,,,,,4.17947672094
2012-02-19,,,,,4.0430812484
2012-02-20,,,,,4.34404857836
2012-02-21,,,,,4.23423041893
2012-02-22,,,,,4.21807006189
2012-02-23,,,,,4.39033838323
2012-02-24,,,,,4.52493259969
2012-02-25,,,,,4.54992695459
2012-02-26,,,,,4.59414992181
2012-02-27,,,,,4.56417701326
2012-02-28,,,,,4.52826114125
2012-02-29,,,,,4.3273405488
2012-03-01,,,,,4.4245514974
2012-03-02,,,,,4.31641215822
2012-03-03,,,,,4.29451262076
2012-03-04,,,,,4.31265065668
2012-03-05,,,,,4.38492248583
2012-03-06,,,,,4.61348991498
2012-03-07,,,,,4.61570349932
2012-03-08,,,,,4.62673376939
2012-03-09,,,,,4.50927808905
2012-03-10,,,,,4.39654967181
2012-03-11,,,,,4.46523580395
2012-03-12,,,,,4.49303587335
2012-03-13,,,,,4.64962790206
2012-03-14,,,,,4.88317387733
2012-03-15,,,,,4.84347419993
2012-03-16,,,,,4.88959087552
2012-03-17,,,,,4.93395978273
2012-03-18,,,,,4.91888946043
2012-03-19,,,,,4.75190859557
2012-03-20,,,,,4.60904026745
2012-03-21,,,,,4.61307982981
2012-03-22,,,,,4.53709386522
2012-03-23,,,,,4.46827731341
2012-03-24,,,,,4.49213945089
2012-03-25,,,,,4.3813624433
2012-03-26,,,,,4.38972578409
2012-03-27,,,,,4.39986701532
2012-03-28,,,,,4.56207918627
2012-03-29,,,,,4.48895550648
2012-03-30,,,,,4.54737383909
2012-03-31,,,,,4.61441401952
2012-04-01,,,,,4.54397638643
2012-04-02,,,,,4.6051912183
2012-04-03,,,,,4.72408499111
2012-04-04,,,,,4.78097565014
2012-04-05,,,,,4.77324730871
2012-04-06,,,,,4.79785987022
2012-04-07,,,,,4.68404153616
2012-04-08,,,,,4.51300634003
2012-04-09,,,,,4.5231215642
2012-04-10,,,,,4.63383976632
2012-04-11,,,,,4.74882323385
2012-04-12,,,,,4.72637818808
2012-04-13,,,,,4.72139659786
2012-04-14,,,,,4.8524276473
2012-04-15,,,,,4.82408029769
2012-04-16,,,,,4.80250467167
2012-04-17,,,,,4.85941319348
2012-04-18,,,,,5.00070773503
2012-04-19,,,,,5.00975393946
2012-04-20,,,,,5.0506023773
2012-04-21,,,,,5.17186633764
2012-04-22,,,,,5.13719563432
2012-04-23,,,,,5.05570466906
2012-04-24,,,,,4.93729766416
2012-04-25,,,,,5.0078486174
2012-04-26,,,,,4.95805497474
2012-04-27,,,,,4.97256676026
2012-04-28,,,,,4.92767591567
2012-04-29,,,,,4.87513845037
2012-04-30,,,,,4.84500146321
2012-05-01,,,,,4.8662136791
2012-05-02,,,,,4.97131006212
2012-05-03,,,,,4.97799676167
2012-05-04,,,,,4.98967896021
2012-05-05,,,,,4.92869558162
2012-05-06,,,,,4.99083663922
2012-05-07,,,,,4.94358187814
2012-05-08,,,,,4.92207017144
2012-05-09,,,,,4.92374095304
2012-05-10,,,,,4.89519637297
2012-05-11,,,,,4.8150907214
2012-05-12,,,,,4.92224492808
2012-05-13,,,,,4.89360413452
2012-05-14,,,,,4.8576840295
2012-05-15,,,,,4.8758735218
2012-05-16,,,,,4.93018391692
2012-05-17,,,,,4.97701754314
2012-05-18,,,,,4.98192739145
2012-05-19,,,,,4.98442149366
2012-05-20,,,,,4.98970102677
2012-05-21,,,,,4.96862133606
2012-05-22,,,,,4.9710578789
2012-05-23,,,,,4.99243187057
2012-05-24,,,,,4.99909871112
2012-05-25,,,,,5.00423338868
2012-05-26,,,,,4.99906115478
2012-05-27,,,,,4.9772565261
2012-05-28,,,,,5.02092672669
2012-05-29,,,,,5.01353907527
2012-05-30,,,,,5.03033677117
2012-05-31,,,,,5.05611767798
2012-06-01,,,,,5.14204290131
2012-06-02,,,,,5.12317056941
2012-06-03,,,,,5.10129558268
2012-06-04,,,,,5.1208341963
2012-06-05,,,,,5.26074690183
2012-06-06,,,,,5.33012744881
2012-06-07,,,,,5.39524440695
2012-06-08,,,,,5.56443200361
2012-06-09,,,,,5.54731780881
2012-06-10,,,,,5.33941267818
2012-06-11,,,,,5.39744205015
2012-06-12,,,,,5.51958978543
2012-06-13,,,,,5.74251558787
2012-06-14,,,,,5.75978535181
2012-06-15,,,,,6.00469518792
2012-06-16,,,,,6.37712104776
2012-06-17,,,,,6.13938120026
2012-06-18,,,,,6.16249396816
2012-06-19,,,,,6.34300484091
2012-06-20,,,,,6.53138313185
2012-06-21,,,,,6.53280422952
2012-06-22,,,,,6.52691780454
2012-06-23,,,,,6.39812010099
2012-06-24,,,,,6.19626012748
2012-06-25,,,,,6.13228410236
2012-06-26,,,,,6.26072708174
2012-06-27,,,,,6.38828633537
2012-06-28,,,,,6.49879531074
2012-06-29,,,,,6.52450713425
2012-06-30,,,,,6.60439783901
2012-07-01,,,,,6.60116050854
2012-07-02,,,,,6.58483153795
2012-07-03,,,,,6.46907979393
2012-07-04,,,,,6.37829992901
2012-07-05,,,,,6.50173387656
2012-07-06,,,,,6.48577046481
2012-07-07,,,,,6.59838414626
2012-07-08,,,,,6.62952004516
2012-07-09,,,,,6.6447247994
2012-07-10,,,,,6.92698209268
2012-07-11,,,,,6.96646025556
2012-07-12,,,,,7.05298089493
2012-07-13,,,,,7.51945682461
2012-07-14,,,,,7.46116277019
2012-07-15,,,,,7.40334578577
2012-07-16,,,,,7.78806548257
2012-07-17,,,,,8.18878251663
2012-07-18,,,,,8.80179696109
2012-07-19,,,,,8.90100796846
2012-07-20,,,,,8.1941448807
2012-07-21,,,,,8.49405239509
2012-07-22,,,,,8.4544896459
2012-07-23,,,,,8.38371417166
2012-07-24,,,,,8.37293742437
2012-07-25,,,,,8.41523043965
2012-07-26,,,,,8.56191526948
2012-07-27,,,,,8.66220674385
2012-07-28,,,,,8.66322127181
2012-07-29,,,,,8.6044869298
2012-07-30,,,,,8.73076040584
2012-07-31,,,,,9.22536851812
2012-08-01,,,,,9.15982496531
2012-08-02,,,,,9.51139437108
2012-08-03,,,,,10.4681587344
2012-08-04,,,,,10.8020769023
2012-08-05,,,,,10.2362016231
2012-08-06,,,,,10.5964382176
2012-08-07,,,,,10.5611291535
2012-08-08,,,,,10.770255785
2012-08-09,,,,,11.2178488391
2012-08-10,,,,,11.0766545039
2012-08-11,,,,,11.2466710242
2012-08-12,,,,,11.3921151847
2012-08-13,,,,,11.473783078
2012-08-14,,,,,11.880215995
2012-08-15,,,,,12.5644428789
2012-08-16,,,,,13.0944045883
2012-08-17,,,,,13.8611738062
2012-08-18,,,,,11.674679418
2012-08-19,,,,,9.37734735212
2012-08-20,,,,,9.25744094454
2012-08-21,,,,,9.850144954
2012-08-22,,,,,9.91848972987
2012-08-23,,,,,9.89797368961
2012-08-24,,,,,10.0624924581
2012-08-25,,,,,10.3244745108
2012-08-26,,,,,10.5971108796
2012-08-27,,,,,11.3044226591
2012-08-28,,,,,10.7213574092
2012-08-29,,,,,10.8326219637
2012-08-30,,,,,10.5862843721
2012-08-31,,,,,10.2609093263
2012-09-01,,,,,9.89117141622
2012-09-02,,,,,10.0563254294
2012-09-03,,,,,10.2274293282
2012-09-04,,,,,10.1467569214
2012-09-05,,,,,10.4131591242
2012-09-06,,,,,10.9063594451
2012-09-07,,,,,11.0783986027
2012-09-08,,,,,10.8893657222
2012-09-09,,,,,10.914695292
2012-09-10,,,,,10.9684175281
2012-09-11,,,,,10.9506501873
2012-09-12,,,,,11.041727737
2012-09-13,,,,,11.2284707692
2012-09-14,,,,,11.4256039898
2012-09-15,,,,,11.4881337349
2012-09-16,,,,,11.6172668861
2012-09-17,,,,,11.648237406
2012-09-18,,,,,11.8050326303
2012-09-19,,,,,12.1789966114
2012-09-20,,,,,12.4253833417
2012-09-21,,,,,12.1858992888
2012-09-22,,,,,12.031156239
2012-09-23,,,,,11.825144745
2012-09-24,,,,,11.8317694704
2012-09-25,,,,,11.8213485627
2012-09-26,,,,,11.9846452294
2012-09-27,,,,,12.0910966748
2012-09-28,,,,,12.1018271854
2012-09-29,,,,,12.159871989
2012-09-30,,,,,12.1258739432
2012-10-01,,,,,12.017679326
2012-10-02,,,,,12.1997730152
2012-10-03,,,,,12.3829099443
2012-10-04,,,,,12.6102875099
2012-10-05,,,,,12.5428192411
2012-10-06,,,,,12.4444688247
2012-10-07,,,,,11.979316902
2012-10-08,,,,,11.2192509114
2012-10-09,,,,,11.9285200731
2012-10-10,,,,,12.0006484165
2012-10-11,,,,,11.9139316602
2012-10-12,,,,,11.87661617
2012-10-13,,,,,11.7051315239
2012-10-14,,,,,11.6401042724
2012-10-15,,,,,11.5143860332
2012-10-16,,,,,11.6260503111
2012-10-17,,,,,11.5518358412
2012-10-18,,,,,11.620360447
2012-10-19,,,,,11.4941388248
2012-10-20,,,,,11.4321860751
2012-10-21,,,,,11.439719327
2012-10-22,,,,,11.3308256522
2012-10-23,,,,,11.404952435
2012-10-24,,,,,11.3895290679
2012-10-25,,,,,10.7944545735
2012-10-26,,,,,9.65180837522
2012-10-27,,,,,9.9531796766
2012-10-28,,,,,10.1408472866
2012-10-29,,,,,10.2932818438
2012-10-30,,,,,10.4014233678
2012-10-31,,,,,10.7006775529
2012-11-01,,,,,10.7890430195
2012-11-02,,,,,10.3040830317
2012-11-03,,,,,10.2476489741
2012-11-04,,,,,10.2443035738
2012-11-05,,,,,10.3069775997
2012-11-06,,,,,10.5319041442
2012-11-07,,,,,10.6614117813
2012-11-08,,,,,10.5774464893
2012-11-09,,,,,10.5706023976
2012-11-10,,,,,10.641831639
2012-11-11,,,,,10.4572186221
2012-11-12,,,,,10.6154813532
2012-11-13,,,,,10.6798180183
2012-11-14,,,,,10.7074241604
2012-11-15,,,,,10.7564246485
2012-11-16,,,,,11.2742917171
2012-11-17,,,,,11.4804607015
2012-11-18,,,,,11.5696914883
2012-11-19,,,,,11.6522918068
2012-11-20,,,,,11.6357427157
2012-11-21,,,,,11.6861315201
2012-11-22,,,,,11.9350248352
2012-11-23,,,,,12.0202293302
2012-11-24,,,,,12.1016888805
2012-11-25,,,,,12.253114639
2012-11-26,,,,,12.2388517923
2012-11-27,,,,,11.962104049
2012-11-28,,,,,12.0412328179
2012-11-29,,,,,12.1365518991
2012-11-30,,,,,12.2630896955
2012-12-01,,,,,12.3138743908
2012-12-02,,,,,12.2926431728
2012-12-03,,,,,12.2981335596
2012-12-04,,,,,12.5876010004
2012-12-05,,,,,13.1027544869
2012-12-06,,,,,13.2967594715
2012-12-07,,,,,13.1266952892
2012-12-08,,,,,13.1801627806
2012-12-09,,,,,13.0174286483
2012-12-10,,,,,13.1060028415
2012-12-11,,,,,13.2231421979
2012-12-12,,,,,13.4179405079
2012-12-13,,,,,13.4243375251
2012-12-14,,,,,13.431159169
2012-12-15,,,,,13.3596302718
2012-12-16,,,,,13.3559529236
2012-12-17,,,,,13.1770618134
2012-12-18,,,,,13.0636559402
2012-12-19,,,,,12.9981454542
2012-12-20,,,,,13.07632472
2012-12-21,,,,,13.0677194163
2012-12-22,,,,,13.1119626688
2012-12-23,,,,,13.0261805953
2012-12-24,,,,,13.0751234691
2012-12-25,,,,,13.1707007714
2012-12-26,,,,,13.1095327322
2012-12-27,,,,,13.1059217163
2012-12-28,,,,,13.1191018164
2012-12-29,,,,,13.1968491498
2012-12-30,,,,,13.1949619267
2012-12-31,,,,,13.288018089
2013-01-01,,,,,13.2003294851
2013-01-02,,,,,13.2037494463
2013-01-03,,,,,13.16555013
2013-01-04,,,,,13.1972751266
2013-01-05,,,,,13.1325035337
2013-01-06,,,,,13.1052100477
2013-01-07,,,,,13.2078357706
2013-01-08,,,,,13.4325892529
2013-01-09,,,,,13.5881608786
2013-01-10,,,,,13.8142293564
2013-01-11,,,,,13.9721084319
2013-01-12,,,,,13.9743681745
2013-01-13,,,,,13.9494269187
2013-01-14,,,,,13.9288685069
2013-01-15,,,,,13.9745531611
2013-01-16,,,,,14.1278221606
2013-01-17,,,,,14.8085463057
2013-01-18,,,,,15.3769270102
2013-01-19,,,,,15.2429117548
2013-01-20,,,,,15.2947889095
2013-01-21,,,,,16.1212511181
2013-01-22,,,,,16.7395074626
2013-01-23,,,,,16.7853787794
2013-01-24,,,,,17.6070642504
2013-01-25,,,,,16.6566177759
2013-01-26,,,,,16.7583237112
2013-01-27,,,,,17.1734505006
2013-01-28,,,,,17.7834314774
2013-01-29,,,,,18.753920221
2013-01-30,,,,,18.9310079971
2013-01-31,,,,,20.1466727656
2013-02-01,,,,,20.3427086088
2013-02-02,,,,,19.4907682724
2013-02-03,,,,,19.7694627243
2013-02-04,,,,,20.1351305403
2013-02-05,,,,,20.0956149806
2013-02-06,,,,,20.6692952551
2013-02-07,,,,,21.0342847565
2013-02-08,,,,,22.0080674402
2013-02-09,,,,,22.7040252513
2013-02-10,,,,,23.0599790244
2013-02-11,,,,,23.6084645455
2013-02-12,,,,,24.7694824222
2013-02-13,,,,,25.1382844104
2013-02-14,,,,,24.0164402018
2013-02-15,,,,,26.2763237757
2013-02-16,,,,,26.4698175771
2013-02-17,,,,,26.1373451782
2013-02-18,,,,,26.2137689671
2013-02-19,,,,,27.6744168698
2013-02-20,,,,,28.9759428829
2013-02-21,,,,,29.2121882305
2013-02-22,,,,,29.8516336126
2013-02-23,,,,,27.5744995355
2013-02-24,,,,,28.760775504
2013-02-25,,,,,29.1641382565
2013-02-26,,,,,29.3686147551
2013-02-27,,,,,30.0079862715
2013-02-28,,,,,31.6197527248
2013-03-01,,,,,33.2457477004
2013-03-02,,,,,32.9785183556
2013-03-03,,,,,32.4999247076
2013-03-04,,,,,33.1943770857
2013-03-05,,,,,37.2706206748
2013-03-06,,,,,42.5831528488
2013-03-07,,,,,40.5908023775
2013-03-08,,,,,41.1793049541
2013-03-09,,,,,43.223008112
2013-03-10,,,,,44.6876482186
2013-03-11,,,,,45.2445520325
2013-03-12,,,,,42.6888793898
2013-03-13,,,,,43.6340334114
2013-03-14,,,,,43.9055621805
2013-03-15,,,,,43.7353481581
2013-03-16,,,,,44.0244070477
2013-03-17,,,,,44.0869946151
2013-03-18,,,,,45.3270728185
2013-03-19,,,,,51.5944890929
2013-03-20,,,,,57.6154265886
2013-03-21,,,,,64.4304403494
2013-03-22,,,,,67.0843427377
2013-03-23,,,,,61.1082838029
2013-03-24,,,,,64.4709294619
2013-03-25,,,,,70.982527707
2013-03-26,,,,,72.7705620811
2013-03-27,,,,,82.1792391879
2013-03-28,,,,,86.0002246112
2013-03-29,,,,,87.3736705639
2013-03-30,,,,,88.0854218644
2013-03-31,,,,,89.3402117875
2013-04-01,,,,,94.7587809683
2013-04-02,,,,,103.628978516
2013-04-03,,,,,126.352841807
2013-04-04,,,,,122.802317639
2013-04-05,,,,,129.854795526
2013-04-06,,,,,135.157313763
2013-04-07,,,,,142.377794485
2013-04-08,,,,,167.925422727
2013-04-09,,,,,202.819991928
2013-04-10,,,,,172.620336947
2013-04-11,,,,,96.2857195045
2013-04-12,,,,,80.6621319511
2013-04-13,,,,,100.075372683
2013-04-14,,,,,95.5708863787
2013-04-15,,,,,86.1646781349
2013-04-16,,,,,65.9014979057
2013-04-17,,,,,81.4432487174
2013-04-18,,,,,91.3712263504
2013-04-19,,,,,110.964324375
2013-04-20,,,,,114.456004681
2013-04-21,,,,,110.110020012
2013-04-22,,,,,114.366201269
2013-04-23,,,,,120.046577241
2013-04-24,,,,,139.22669487
2013-04-25,,,,,138.160231546
2013-04-26,,,,,126.329433488
2013-04-27,,,,,124.913963677
2013-04-28,,,,,126.09854718
2013-04-29,,,,,132.806067865
2013-04-30,,,,,132.606988179
2013-05-01,,,,,118.687785772
2013-05-02,,,,,107.179986845
2013-05-03,,,,,91.730642402
2013-05-04,,,,,107.155953943
2013-05-05,,,,,113.141440756
2013-05-06,,,,,114.408990937
2013-05-07,,,,,105.620379581
2013-05-08,,,,,109.688729772
2013-05-09,,,,,107.729032272
2013-05-10,,,,,112.887494276
2013-05-11,,,,,112.138414358
2013-05-12,,,,,111.058110333
2013-05-13,,,,,112.654535501
2013-05-14,,,,,110.424066459
2013-05-15,,,,,104.21616102
2013-05-16,,,,,107.271543257
2013-05-17,,,,,110.493834957
2013-05-18,,,,,113.533595757
2013-05-19,,,,,112.925707117
2013-05-20,,,,,113.35364521
2013-05-21,,,,,114.701425464
2013-05-22,,,,,116.346370708
2013-05-23,,,,,119.376198545
2013-05-24,,,,,125.995590039
2013-05-25,,,,,127.553941025
2013-05-26,,,,,128.98593633
2013-05-27,,,,,127.486588136
2013-05-28,,,,,124.642216264
2013-05-29,,,,,126.58654444
2013-05-30,,,,,127.715472431
2013-05-31,,,,,126.445456341
2013-06-01,,,,,126.720203751
2013-06-02,,,,,121.753370044
2013-06-03,,,,,117.741745835
2013-06-04,,,,,120.285815683
2013-06-05,,,,,119.680559285
2013-06-06,,,,,119.429385069
2013-06-07,,,,,113.091909752
2013-06-08,,,,,109.40730898
2013-06-09,,,,,98.7357902587
2013-06-10,,,,,102.613624231
2013-06-11,,,,,106.995890308
2013-06-12,,,,,108.254807427
2013-06-13,,,,,106.619399305
2013-06-14,,,,,101.779594661
2013-06-15,,,,,100.206146539
2013-06-16,,,,,100.303284125
2013-06-17,,,,,100.793645158
2013-06-18,,,,,105.508497741
2013-06-19,,,,,105.285676644
2013-06-20,,,,,106.678909334
2013-06-21,,,,,105.229492491
2013-06-22,,,,,102.909032881
2013-06-23,,,,,100.632337789
2013-06-24,,,,,97.2417443563
2013-06-25,,,,,98.7494098561
2013-06-26,,,,,97.8900651506
2013-06-27,,,,,97.0529263176
2013-06-28,,,,,91.5415255373
2013-06-29,,,,,90.0965682705
2013-06-30,,,,,90.5318974904
2013-07-01,,,,,85.3936172665
2013-07-02,,,,,83.4831084204
2013-07-03,,,,,80.1837513595
2013-07-04,,,,,77.4422602976
2013-07-05,,,,,69.8509891729
2013-07-06,,,,,66.6684266139
2013-07-07,,,,,68.3798246073
2013-07-08,,,,,73.6385845433
2013-07-09,,,,,71.0886139071
2013-07-10,,,,,76.0905887275
2013-07-11,,,,,81.1593622774
2013-07-12,,,,,89.4800025906
2013-07-13,,,,,86.9315493031
2013-07-14,,,,,88.3790223393
2013-07-15,,,,,90.3986922882
2013-07-16,,,,,89.8805172969
2013-07-17,,,,,89.261059841
2013-07-18,,,,,84.024588136
2013-07-19,,,,,83.785033331
2013-07-20,,,,,84.2755735571
2013-07-21,,,,,83.8136840907
2013-07-22,,,,,84.3015026443
2013-07-23,,,,,85.6406112773
2013-07-24,,,,,86.7600028049
2013-07-25,,,,,87.7154658128
2013-07-26,,,,,89.0515076847
2013-07-27,,,,,87.4965451351
2013-07-28,,,,,88.9782864265
2013-07-29,,,,,90.8300094994
2013-07-30,,,,,92.8377942388
2013-07-31,,,,,96.804449685
2013-08-01,,,,,95.4121298537
2013-08-02,,,,,95.5021517072
2013-08-03,,,,,94.9332897369
2013-08-04,,,,,94.4972160163
2013-08-05,,,,,95.8866063413
2013-08-06,,,,,96.7770708113
2013-08-07,,,,,97.3009489318
2013-08-08,,,,,94.6484647855
2013-08-09,,,,,94.4266030993
2013-08-10,,,,,93.2172084329
2013-08-11,,,,,93.7420868956
2013-08-12,,,,,94.1937283301
2013-08-13,,,,,94.3853047518
2013-08-14,,,,,96.8578733179
2013-08-15,,,,,96.7025724082
2013-08-16,,,,,96.1619979804
2013-08-17,,,,,96.7097944285
2013-08-18,,,,,96.9545988748
2013-08-19,,,,,99.1849249818
2013-08-20,,,,,100.384157442
2013-08-21,,,,,105.185772203
2013-08-22,,,,,107.63254012
2013-08-23,,,,,104.472694346
2013-08-24,,,,,105.764536198
2013-08-25,,,,,108.873147221
2013-08-26,,,,,108.406594685
2013-08-27,,,,,113.297526699
2013-08-28,,,,,115.306870245
2013-08-29,,,,,115.438967316
2013-08-30,,,,,118.756440862
2013-08-31,,,,,123.691075425
2013-09-01,,,,,124.343469241
2013-09-02,,,,,125.064029904
2013-09-03,,,,,124.933192868
2013-09-04,,,,,119.341861022
2013-09-05,,,,,116.105626402
2013-09-06,,,,,116.249341761
2013-09-07,,,,,116.040969589
2013-09-08,,,,,115.729434264
2013-09-09,,,,,118.172475791
2013-09-10,,,,,120.621074618
2013-09-11,,,,,121.218095467
2013-09-12,,,,,123.883911915
2013-09-13,,,,,124.064369389
2013-09-14,,,,,124.083846466
2013-09-15,,,,,122.67648826
2013-09-16,,,,,124.085087621
2013-09-17,,,,,124.354178371
2013-09-18,,,,,125.24932655
2013-09-19,,,,,122.705304195
2013-09-20,,,,,121.671649109
2013-09-21,,,,,121.377115773
2013-09-22,,,,,121.156642793
2013-09-23,,,,,121.17761438
2013-09-24,,,,,120.810141005
2013-09-25,,,,,122.481809335
2013-09-26,,,,,122.248902299
2013-09-27,,,,,122.880566479
2013-09-28,,,,,123.117015262
2013-09-29,,,,,123.832355787
2013-09-30,,,,,122.809055941
2013-10-01,,,,,123.870151594
2013-10-02,,,,,101.460760397
2013-10-03,,,,,109.716289222
2013-10-04,,,,,118.429866144
2013-10-05,,,,,119.462351392
2013-10-06,,,,,119.006986611
2013-10-07,,,,,121.23464819
2013-10-08,,,,,121.852585214
2013-10-09,,,,,123.046982287
2013-10-10,,,,,123.94416295
2013-10-11,,,,,124.088947582
2013-10-12,,,,,124.553267734
2013-10-13,,,,,126.130868103
2013-10-14,,,,,130.890077691
2013-10-15,,,,,134.227347187
2013-10-16,,,,,137.013068242
2013-10-17,,,,,138.476360312
2013-10-18,,,,,142.121355647
2013-10-19,,,,,153.177713523
2013-10-20,,,,,157.325746182
2013-10-21,,,,,166.146190474
2013-10-22,,,,,179.802117238
2013-10-23,,,,,190.388247384
2013-10-24,,,,,180.938820834
2013-10-25,,,,,169.893569965
2013-10-26,,,,,173.71023716
2013-10-27,,,,,177.98395884
2013-10-28,,,,,187.528342538
2013-10-29,,,,,193.174451726
2013-10-30,,,,,195.122191367
2013-10-31,,,,,195.789560728
2013-11-01,,,,,197.872024309
2013-11-02,,,,,199.529887832
2013-11-03,,,,,202.678698977
2013-11-04,,,,,214.239642482
2013-11-05,,,,,231.580037882
2013-11-06,,,,,247.574694418
2013-11-07,,,,,274.32832992
2013-11-08,,,,,299.392344444
2013-11-09,,,,,331.416889105
2013-11-10,,,,,290.661295734
2013-11-11,,,,,313.021032063
2013-11-12,,,,,336.554198285
2013-11-13,,,,,373.14348227
2013-11-14,,,,,399.630342932
2013-11-15,,,,,407.089538078
2013-11-16,,,,,419.128579803
2013-11-17,,,,,458.222828212
2013-11-18,,,,,548.382604344
2013-11-19,,,,,604.588954535
2013-11-20,,,,,484.340691418
2013-11-21,,,,,607.217190332
2013-11-22,,,,,675.098810061
2013-11-23,,,,,739.641858861
2013-11-24,,,,,697.292800395
2013-11-25,,,,,723.476223669
2013-11-26,,,,,811.693524977
2013-11-27,,,,,896.601391419
2013-11-28,,,,,927.329565505
2013-11-29,,,,,988.224617532
2013-11-30,,,,,1053.57327154
2013-12-01,,,,,865.037822427
2013-12-02,,,,,913.42193431
2013-12-03,,,,,985.775095969
2013-12-04,,,,,1039.79678642
2013-12-05,,,,,969.22943922
2013-12-06,,,,,902.331354718
2013-12-07,,,,,711.437296217
2013-12-08,,,,,742.368540693
2013-12-09,,,,,846.14942905
2013-12-10,,,,,924.410259567
2013-12-11,,,,,882.920373503
2013-12-12,,,,,851.764243713
2013-12-13,,,,,870.509126383
2013-12-14,,,,,853.790992826
2013-12-15,,,,,834.804656389
2013-12-16,,,,,728.531246768
2013-12-17,,,,,671.43073273
2013-12-18,,,,,528.561888058
2013-12-19,,,,,603.150265479
2013-12-20,,,,,652.617930456
2013-12-21,,,,,599.109745259
2013-12-22,,,,,622.971648338
2013-12-23,,,,,632.041715835
2013-12-24,,,,,647.36325785
2013-12-25,,,,,658.700277765
2013-12-26,,,,,717.789824974
2013-12-27,,,,,718.784954696
2013-12-28,,,,,711.191720491
2013-12-29,,,,,713.462590205
2013-12-30,,,,,728.787745758
2013-12-31,,,,,725.038437907
2014-01-01,,,,,738.739251285
2014-01-02,,,,,766.006558189
2014-01-03,,,,,791.822557626
2014-01-04,,,,,807.422266088
2014-01-05,,,,,882.342780304
2014-01-06,,,,,935.950200203
2014-01-07,,,,,851.383498086
2014-01-08,,,,,799.39869244
2014-01-09,,,,,813.404507714
2014-01-10,,,,,822.552659983
2014-01-11,,,,,865.959538051
2014-01-12,,,,,849.502903878
2014-01-13,,,,,814.92255502
2014-01-14,,,,,825.190416942
2014-01-15,,,,,836.980656016
2014-01-16,,,,,828.910128038
2014-01-17,,,,,801.637620391
2014-01-18,,,,,812.026221029
2014-01-19,,,,,824.135455041
2014-01-20,,,,,828.822148175
2014-01-21,,,,,828.553350416
2014-01-22,,,,,824.586607311
2014-01-23,,,,,813.113703392
2014-01-24,,,,,780.568820082
2014-01-25,,,,,799.905193402
2014-01-26,,,,,816.324773501
2014-01-27,,,,,782.484652263
2014-01-28,,,,,771.607390918
2014-01-29,,,,,786.889478626
2014-01-30,,,,,787.050357182
2014-01-31,,,,,795.697828835
2014-02-01,,,,,806.107108771
2014-02-02,,,,,804.127454401
2014-02-03,,,,,798.066557772
2014-02-04,,,,,802.606585675
2014-02-05,,,,,793.72313406
2014-02-06,,,,,773.523423556
2014-02-07,,,,,717.550359475
2014-02-08,,,,,707.767008492
2014-02-09,,,,,701.770488046
2014-02-10,,,,,605.083030562
2014-02-11,,,,,666.854132795
2014-02-12,,,,,650.901733756
2014-02-13,,,,,613.726484893
2014-02-14,,,,,597.590099963
2014-02-15,,,,,635.798778614
2014-02-16,,,,,599.874641475
2014-02-17,,,,,622.074954367
2014-02-18,,,,,614.614245327
2014-02-19,,,,,609.374806942
2014-02-20,,,,,577.148334887
2014-02-21,,,,,546.200146292
2014-02-22,,,,,574.271804565
2014-02-23,,,,,610.10626343
2014-02-24,,,,,573.715996462
2014-02-25,,,,,497.510425955
2014-02-26,,,,,563.500920933
2014-02-27,,,,,561.798853447
2014-02-28,,,,,549.531399478
2014-03-01,,,,,551.594179363
2014-03-02,,,,,553.951994588
2014-03-03,,,,,616.350536875
2014-03-04,,,,,669.881008132
2014-03-05,,,,,647.522545175
2014-03-06,,,,,646.378638256
2014-03-07,,,,,624.690129016
2014-03-08,,,,,610.2575127
2014-03-09,,,,,625.385971066
2014-03-10,,,,,624.254613397
2014-03-11,,,,,624.19109846
2014-03-12,,,,,629.176550172
2014-03-13,,,,,629.458308167
2014-03-14,,,,,624.685303779
2014-03-15,,,,,627.028007602
2014-03-16,,,,,624.655289396
2014-03-17,,,,,616.677659076
2014-03-18,,,,,608.191946281
2014-03-19,,,,,614.491220044
2014-03-20,,,,,594.20661819
2014-03-21,,,,,579.806001467
2014-03-22,,,,,565.080021562
2014-03-23,,,,,569.198932942
2014-03-24,,,,,569.827704794
2014-03-25,,,,,577.96415253
2014-03-26,,,,,580.490948166
2014-03-27,,,,,531.359711355
2014-03-28,,,,,502.272070092
2014-03-29,,,,,498.548905037
2014-03-30,,,,,470.166332913
2014-03-31,,,,,460.663772018
2014-04-01,,,,,481.920912802
2014-04-02,,,,,449.277553875
2014-04-03,,,,,431.203588526
2014-04-04,,,,,439.326533961
2014-04-05,,,,,452.80379493
2014-04-06,,,,,460.178477908
2014-04-07,,,,,451.979107857
2014-04-08,,,,,446.442130012
2014-04-09,,,,,441.823414762
2014-04-10,,,,,392.847871377
2014-04-11,,,,,396.739268817
2014-04-12,,,,,424.4521269
2014-04-13,,,,,409.570442624
2014-04-14,,,,,442.321101209
2014-04-15,,,,,493.933275318
2014-04-16,,,,,517.132588473
2014-04-17,,,,,495.787572492
2014-04-18,,,,,470.87966368
2014-04-19,,,,,485.233726624
2014-04-20,,,,,491.004530939
2014-04-21,,,,,489.901423624
2014-04-22,,,,,479.510317151
2014-04-23,,,,,476.998978205
2014-04-24,,,,,481.701418578
2014-04-25,,,,,455.139791119
2014-04-26,,,,,446.080802064
2014-04-27,,,,,437.920283506
2014-04-28,,,,,425.497252971
2014-04-29,,,,,435.106881271
2014-04-30,,,,,435.993375627
2014-05-01,,,,,446.146365284
2014-05-02,,,,,435.872359568
2014-05-03,,,,,428.290689421
2014-05-04,,,,,428.472417747
2014-05-05,,,,,425.974595572
2014-05-06,,,,,421.239459827
2014-05-07,,,,,427.331850256
2014-05-08,,,,,432.086921615
2014-05-09,,,,,436.975737719
2014-05-10,,,,,442.164754073
2014-05-11,,,,,434.873009633
2014-05-12,,,,,433.775790137
2014-05-13,,,,,434.11563359
2014-05-14,,,,,435.733355099
2014-05-15,,,,,439.241271206
2014-05-16,,,,,439.165263954
2014-05-17,,,,,439.604619537
2014-05-18,,,,,439.979048872
2014-05-19,,,,,439.329701936
2014-05-20,,,,,458.861598841
2014-05-21,,,,,482.45396289
2014-05-22,,,,,501.680047056
2014-05-23,,,,,522.084922671
2014-05-24,,,,,512.097240753
2014-05-25,,,,,553.205677646
2014-05-26,,,,,575.790258966
2014-05-27,,,,,562.497218923
2014-05-28,,,,,559.958008222
2014-05-29,,,,,553.140126434
2014-05-30,,,,,589.812869069
2014-05-31,,,,,607.197777424
2014-06-01,,,,,637.822283855
2014-06-02,,,,,629.672370256
2014-06-03,,,,,652.532193235
2014-06-04,,,,,626.186599442
2014-06-05,,,,,644.834883975
2014-06-06,,,,,642.44527538
2014-06-07,,,,,638.513437057
2014-06-08,,,,,645.838767822
2014-06-09,,,,,636.635248934
2014-06-10,,,,,643.208854527
2014-06-11,,,,,634.125439291
2014-06-12,,,,,594.286426676
2014-06-13,,,,,595.53465113
2014-06-14,,,,,566.470294444
2014-06-15,,,,,569.50816794
2014-06-16,,,,,592.695531951
2014-06-17,,,,,594.507645791
2014-06-18,,,,,601.008843721
2014-06-19,,,,,598.019357178
2014-06-20,,,,,585.559556282
2014-06-21,,,,,585.686617987
2014-06-22,,,,,592.504448686
2014-06-23,,,,,584.746092456
2014-06-24,,,,,578.454540897
2014-06-25,,,,,563.662060081
2014-06-26,,,,,566.332575257
2014-06-27,,,,,584.66059471
2014-06-28,,,,,594.251447865
2014-06-29,,,,,591.270535675
2014-06-30,,,,,623.131587252
2014-07-01,,,,,643.225502521
2014-07-02,,,,,637.553101726
2014-07-03,,,,,635.578312672
2014-07-04,,,,,629.467394167
2014-07-05,,,,,625.232095425
2014-07-06,,,,,630.376796261
2014-07-07,,,,,620.98522188
2014-07-08,,,,,615.109264832
2014-07-09,,,,,615.676766758
2014-07-10,,,,,610.712069469
2014-07-11,,,,,616.761227474
2014-07-12,,,,,623.824934739
2014-07-13,,,,,622.744862132
2014-07-14,,,,,616.086514278
2014-07-15,,,,,616.641660841
2014-07-16,,,,,612.7199408
2014-07-17,,,,,614.479386184
2014-07-18,,,,,616.200380775
2014-07-19,,,,,618.88676536
2014-07-20,,,,,615.036829504
2014-07-21,,,,,614.191463609
2014-07-22,,,,,614.081894249
2014-07-23,,,,,612.832922861
2014-07-24,,,,,593.835645157
2014-07-25,,,,,594.8538909
2014-07-26,,,,,588.828947465
2014-07-27,,,,,587.589757937
2014-07-28,,,,,572.8077964
2014-07-29,,,,,576.699167352
2014-07-30,,,,,566.746696271
2014-07-31,,,,,572.997265736
2014-08-01,,,,,587.747093522
2014-08-02,,,,,582.847497346
2014-08-03,,,,,578.944116615
2014-08-04,,,,,582.019958803
2014-08-05,,,,,578.56949423
2014-08-06,,,,,578.429007833
2014-08-07,,,,,583.704553268
2014-08-08,,,,,589.761235408
2014-08-09,,,,,583.653210597
2014-08-10,,,,,584.981676485
2014-08-11,,,,,0.0
2014-08-12,,,,,0.0
2014-08-13,,,,,536.922520376
2014-08-14,,,,,510.313239681
2014-08-15,,,,,498.731269371
2014-08-16,,,,,498.487215182
2014-08-17,,,,,491.830551663
2014-08-18,,,,,444.850231869
2014-08-19,,,,,473.052120311
2014-08-20,,,,,489.180905605
2014-08-21,,,,,515.359914153
2014-08-22,,,,,506.696282379
2014-08-23,,,,,496.747577729
2014-08-24,,,,,502.324538915
2014-08-25,,,,,500.070674907
2014-08-26,,,,,507.049415926
2014-08-27,,,,,511.24576649
2014-08-28,,,,,504.988635661
2014-08-29,,,,,502.334671045
2014-08-30,,,,,499.270240374
2014-08-31,,,,,486.726809082
2014-09-01,,,,,477.863411071
2014-09-02,,,,,474.414827247
2014-09-03,,,,,472.695950477
2014-09-04,,,,,480.187499755
2014-09-05,,,,,482.240270524
2014-09-06,,,,,479.710665915
2014-09-07,,,,,481.135455279
2014-09-08,,,,,470.293988131
2014-09-09,,,,,465.774063211
2014-09-10,,,,,475.314109512
2014-09-11,,,,,471.459349137
2014-09-12,,,,,467.750693482
2014-09-13,,,,,471.057491117
2014-09-14,,,,,469.786890885
2014-09-15,,,,,468.082375579
2014-09-16,,,,,460.276999368
2014-09-17,,,,,445.536285651
2014-09-18,,,,,417.901021682
2014-09-19,,,,,388.932107869
2014-09-20,,,,,401.538769842
2014-09-21,,,,,385.652649487
2014-09-22,,,,,388.312395057
2014-09-23,,,,,417.541776282
2014-09-24,,,,,416.84131391
2014-09-25,,,,,402.116739416
2014-09-26,,,,,397.214362362
2014-09-27,,,,,392.935820186
2014-09-28,,,,,377.164915802
2014-09-29,,,,,372.268416882
2014-09-30,,,,,377.725307478
2014-10-01,,,,,378.005089328
2014-10-02,,,,,370.074310585
2014-10-03,,,,,354.339877321
2014-10-04,,,,,328.626441735
2014-10-05,,,,,305.488721568
2014-10-06,,,,,325.588746109
2014-10-07,,,,,325.607275412
2014-10-08,,,,,339.157493344
2014-10-09,,,,,362.338593864
2014-10-10,,,,,357.576712127
2014-10-11,,,,,354.079135174
2014-10-12,,,,,364.597519806
2014-10-13,,,,,376.32431835
2014-10-14,,,,,396.95070929
2014-10-15,,,,,387.68480361
2014-10-16,,,,,376.660437358
2014-10-17,,,,,375.046302939
2014-10-18,,,,,382.70067683
2014-10-19,,,,,383.346558849
2014-10-20,,,,,377.70158668
2014-10-21,,,,,380.076831514
2014-10-22,,,,,377.669045004
2014-10-23,,,,,361.911708564
2014-10-24,,,,,355.400163345
2014-10-25,,,,,345.758981546
2014-10-26,,,,,352.023378256
2014-10-27,,,,,349.310676977
2014-10-28,,,,,351.457103762
2014-10-29,,,,,340.191398547
2014-10-30,,,,,339.278282357
2014-10-31,,,,,338.233675378
2014-11-01,,,,,325.562160337
2014-11-02,,,,,323.909416249
2014-11-03,,,,,326.220712477
2014-11-04,,,,,323.69290649
2014-11-05,,,,,333.229566618
2014-11-06,,,,,340.584329485
2014-11-07,,,,,343.008035677
2014-11-08,,,,,340.80951985
2014-11-09,,,,,352.761454451
2014-11-10,,,,,367.122633862
2014-11-11,,,,,364.23440037
2014-11-12,,,,,398.412029526
2014-11-13,,,,,420.747914876
2014-11-14,,,,,393.247337112
2014-11-15,,,,,378.896141602
2014-11-16,,,,,381.079348193
2014-11-17,,,,,391.198817142
2014-11-18,,,,,375.427809046
2014-11-19,,,,,376.954180797
2014-11-20,,,,,361.548969666
2014-11-21,,,,,348.01964422
2014-11-22,,,,,355.314328339
2014-11-23,,,,,359.107228839
2014-11-24,,,,,368.196865884
2014-11-25,,,,,0.0
2014-11-26,,,,,366.42790244
2014-11-27,,,,,366.280358092
2014-11-28,,,,,366.821212517
2014-11-29,,,,,377.0679508
2014-11-30,,,,,373.915439958
2014-12-01,,,,,377.267797442
2014-12-02,,,,,377.486063977
2014-12-03,,,,,372.573564808
2014-12-04,,,,,367.162101009
2014-12-05,,,,,366.384973311
2014-12-06,,,,,368.490799659
2014-12-07,,,,,369.18328936
2014-12-08,,,,,361.31495243
2014-12-09,,,,,346.053711499
2014-12-10,,,,,343.975282586
2014-12-11,,,,,346.759662936
2014-12-12,,,,,345.336925856
2014-12-13,,,,,342.969315008
2014-12-14,,,,,341.252529122
2014-12-15,,,,,339.114895568
2014-12-16,,,,,326.959040671
2014-12-17,,,,,318.506999729
2014-12-18,,,,,311.484283103
2014-12-19,,,,,311.874753327
2014-12-20,,,,,322.359880955
2014-12-21,,,,,319.07710802
2014-12-22,,,,,325.704279025
2014-12-23,,,,,329.777548944
2014-12-24,,,,,325.226935634
2014-12-25,,,,,317.726915039
2014-12-26,,,,,322.31968575
2014-12-27,,,,,315.597659452
2014-12-28,,,,,312.218570885
2014-12-29,,,,,312.859700197
2014-12-30,,,,,310.327774387
2014-12-31,,,,,309.195310695
2015-01-01,,,,,312.670911368
2015-01-02,,,,,312.749655431
2015-01-03,,,,,295.703462382
2015-01-04,,,,,273.309266252
2015-01-05,,,,,271.218740888
2015-01-06,,,,,277.297133763
2015-01-07,,,,,290.817993972
2015-01-08,,,,,286.561076285
2015-01-09,,,,,283.992091934
2015-01-10,,,,,274.82375307
2015-01-11,,,,,267.61863187
2015-01-12,,,,,265.066387207
2015-01-13,,,,,235.389266879
2015-01-14,,,,,190.145388481
2015-01-15,,,,,202.465072302
2015-01-16,,,,,208.269490941
2015-01-17,,,,,199.844389879
2015-01-18,,,,,207.196964063
2015-01-19,,,,,209.479895795
2015-01-20,,,,,208.493511094
2015-01-21,,,,,215.641643009
2015-01-22,,,,,228.561975084
2015-01-23,,,,,226.15829636
2015-01-24,,,,,237.111026397
2015-01-25,,,,,245.845996604
2015-01-26,,,,,274.216622993
2015-01-27,,,,,251.742065783
2015-01-28,,,,,233.101867399
2015-01-29,,,,,223.742627545
2015-01-30,,,,,225.864709388
2015-01-31,,,,,221.772844758
2015-02-01,,,,,216.212120505
2015-02-02,,,,,224.955118743
2015-02-03,,,,,231.565224487
2015-02-04,,,,,222.421288048
2015-02-05,,,,,219.173100603
2015-02-06,,,,,217.984916564
2015-02-07,,,,,222.662783865
2015-02-08,,,,,222.600471821
2015-02-09,,,,,218.393394477
2015-02-10,,,,,217.051049829
2015-02-11,,,,,218.112988229
2015-02-12,,,,,216.779746407
2015-02-13,,,,,229.448193524
2015-02-14,,,,,246.270765744
2015-02-15,,,,,242.42494887
2015-02-16,,,,,232.273334184
2015-02-17,,,,,237.055611696
2015-02-18,,,,,234.335713778
2015-02-19,,,,,234.830448779
2015-02-20,,,,,237.253325818
2015-02-21,,,,,237.551221095
2015-02-22,,,,,233.037059995
2015-02-23,,,,,229.7520727
2015-02-24,,,,,231.26427769
2015-02-25,,,,,231.110505741
2015-02-26,,,,,230.336972802
2015-02-27,,,,,245.219206501
2015-02-28,,,,,246.938702915
2015-03-01,,,,,246.770240308
2015-03-02,,,,,258.797016928
2015-03-03,,,,,270.046292851
2015-03-04,,,,,273.520840572
2015-03-05,,,,,267.504045907
2015-03-06,,,,,269.736584181
2015-03-07,,,,,271.472306866
2015-03-08,,,,,272.393612735
2015-03-09,,,,,282.273517637
2015-03-10,,,,,290.916637334
2015-03-11,,,,,290.969177609
2015-03-12,,,,,291.849349958
2015-03-13,,,,,287.800314531
2015-03-14,,,,,278.023106592
2015-03-15,,,,,278.751597084
2015-03-16,,,,,287.762785029
2015-03-17,,,,,285.035979354
2015-03-18,,,,,262.764568434
2015-03-19,,,,,253.138866228
2015-03-20,,,,,256.738616182
2015-03-21,,,,,257.043351205
2015-03-22,,,,,263.0637698
2015-03-23,,,,,264.728953687
2015-03-24,,,,,252.365171522
2015-03-25,,,,,243.451627477
2015-03-26,,,,,248.389335162
2015-03-27,,,,,245.772430318
2015-03-28,,,,,249.939954806
2015-03-29,,,,,241.627255174
2015-03-30,,,,,242.270292356
2015-03-31,,,,,242.607915859
2015-04-01,,,,,240.684641075
2015-04-02,,,,,246.161236264
2015-04-03,,,,,250.053417525
2015-04-04,,,,,249.119583645
2015-04-05,,,,,252.198168913
2015-04-06,,,,,253.029934881
2015-04-07,,,,,247.501485247
2015-04-08,,,,,244.656928309
2015-04-09,,,,,240.641479456
2015-04-10,,,,,234.283787224
2015-04-11,,,,,231.978822419
2015-04-12,,,,,232.114293775
2015-04-13,,,,,227.032745521
2015-04-14,,,,,217.5349721
2015-04-15,,,,,219.778914169
2015-04-16,,,,,224.992561234
2015-04-17,,,,,222.449220831
2015-04-18,,,,,220.911152006
2015-04-19,,,,,222.699323246
2015-04-20,,,,,221.995232807
2015-04-21,,,,,224.823314098
2015-04-22,,,,,233.361023054
2015-04-23,,,,,232.211967007
2015-04-24,,,,,229.387614694
2015-04-25,,,,,226.457805598
2015-04-26,,,,,216.588053679
2015-04-27,,,,,228.918091451
2015-04-28,,,,,227.96713565
2015-04-29,,,,,227.281620655
2015-04-30,,,,,235.111108211
2015-05-01,,,,,236.569307292
2015-05-02,,,,,234.6952396
2015-05-03,,,,,240.664702795
2015-05-04,,,,,239.908926385
2015-05-05,,,,,236.133318598
2015-05-06,,,,,234.631968588
2015-05-07,,,,,234.34572488
2015-05-08,,,,,241.144665646
2015-05-09,,,,,242.254395
2015-05-10,,,,,241.414814948
2015-05-11,,,,,241.48664203
2015-05-12,,,,,241.239843058
2015-05-13,,,,,241.183105477
2015-05-14,,,,,236.614578764
2015-05-15,,,,,237.450242864
2015-05-16,,,,,236.964403817
2015-05-17,,,,,236.808808107
2015-05-18,,,,,235.429014506
2015-05-19,,,,,233.269472103
2015-05-20,,,,,233.796708365
2015-05-21,,,,,235.509461093
2015-05-22,,,,,237.77458681
2015-05-23,,,,,240.947349711
2015-05-24,,,,,241.315792794
2015-05-25,,,,,239.395128899
2015-05-26,,,,,238.430147512
2015-05-27,,,,,238.974420426
2015-05-28,,,,,238.741294908
2015-05-29,,,,,238.063722676
2015-05-30,,,,,235.491368023
2015-05-31,,,,,232.868002937
2015-06-01,,,,,228.293076614
2015-06-02,,,,,226.582092269
2015-06-03,,,,,227.780254412
2015-06-04,,,,,227.050703031
2015-06-05,,,,,226.028465035
2015-06-06,,,,,227.142987646
2015-06-07,,,,,226.565999979
2015-06-08,,,,,227.618676644
2015-06-09,,,,,230.414121064
2015-06-10,,,,,230.36584411
2015-06-11,,,,,230.77694002
2015-06-12,,,,,231.990065895
2015-06-13,,,,,231.873491862
2015-06-14,,,,,234.558938976
2015-06-15,,,,,236.924245873
2015-06-16,,,,,244.314205376
2015-06-17,,,,,250.920454272
2015-06-18,,,,,248.249542099
2015-06-19,,,,,245.898543913
2015-06-20,,,,,243.974900726
2015-06-21,,,,,244.317384774
2015-06-22,,,,,245.890833109
2015-06-23,,,,,245.17802398
2015-06-24,,,,,243.963593802
2015-06-25,,,,,0.0
2015-06-26,,,,,0.0
2015-06-27,,,,,0.0
2015-06-28,,,,,0.0
2015-06-29,,,,,0.0
2015-06-30,,,,,0.0
2015-07-01,,,,,0.0
2015-07-02,,,,,255.392664648
2015-07-03,,,,,253.789698648
2015-07-04,,,,,255.194157838
2015-07-05,,,,,263.792041075
2015-07-06,,,,,268.303192149
2015-07-07,,,,,262.634145634
2015-07-08,,,,,266.028454238
2015-07-09,,,,,268.026020437
2015-07-10,,,,,282.144800374
2015-07-11,,,,,284.602955443
2015-07-12,,,,,0.0
2015-07-13,,,,,283.594486522
2015-07-14,,,,,285.958826407
2015-07-15,,,,,284.653186889
2015-07-16,,,,,277.97439827
2015-07-17,,,,,273.76643902
2015-07-18,,,,,263.301886971
2015-07-19,,,,,267.535765546
2015-07-20,,,,,270.845803066
2015-07-21,,,,,274.725374509
2015-07-22,,,,,272.181470913
2015-07-23,,,,,272.852086354
2015-07-24,,,,,280.159350515
2015-07-25,,,,,284.317121308
2015-07-26,,,,,286.084262614
2015-07-27,,,,,284.4015143
2015-07-28,,,,,287.05752303
2015-07-29,,,,,285.400150092
2015-07-30,,,,,283.375853508
2015-07-31,,,,,279.782225789
2015-08-01,,,,,277.582793959
2015-08-02,,,,,277.714413203
2015-08-03,,,,,279.818302192
2015-08-04,,,,,280.015197716
2015-08-05,,,,,278.416231098
2015-08-06,,,,,276.100889481
2015-08-07,,,,,273.483148199
2015-08-08,,,,,265.073649372
2015-08-09,,,,,259.585976258
2015-08-10,,,,,260.04215607
2015-08-11,,,,,260.991299548
2015-08-12,,,,,263.021704921
2015-08-13,,,,,260.165169991
2015-08-14,,,,,262.298754748
2015-08-15,,,,,260.754371031
2015-08-16,,,,,255.351181977
2015-08-17,,,,,255.75540592
2015-08-18,,,,,242.99666696
2015-08-19,,,,,225.255338406
2015-08-20,,,,,229.328725913
2015-08-21,,,,,229.504042777
2015-08-22,,,,,225.065551959
2015-08-23,,,,,223.172874744
2015-08-24,,,,,213.283905009
2015-08-25,,,,,211.020917664
2015-08-26,,,,,223.236794877
2015-08-27,,,,,222.862719049
2015-08-28,,,,,225.194312861
2015-08-29,,,,,226.425866401
2015-08-30,,,,,225.536458041
2015-08-31,,,,,226.072009492
2015-09-01,,,,,224.998412108
2015-09-02,,,,,224.938674348
2015-09-03,,,,,224.033813309
2015-09-04,,,,,225.354287801
2015-09-05,,,,,228.188682548
2015-09-06,,,,,234.75722855
2015-09-07,,,,,238.274503908
2015-09-08,,,,,242.605050795
2015-09-09,,,,,237.210337128
2015-09-10,,,,,235.466640427
2015-09-11,,,,,237.530820215
2015-09-12,,,,,235.37585515
2015-09-13,,,,,229.565322466
2015-09-14,,,,,228.277785673
2015-09-15,,,,,227.851643187
2015-09-16,,,,,226.890079529
2015-09-17,,,,,229.706564486
2015-09-18,,,,,230.824933766
2015-09-19,,,,,229.100809135
2015-09-20,,,,,229.99713199
2015-09-21,,,,,226.832435439
2015-09-22,,,,,228.054202144
2015-09-23,,,,,228.164707914
2015-09-24,,,,,231.70608489
2015-09-25,,,,,233.140334581
2015-09-26,,,,,232.018512631
2015-09-27,,,,,232.143239559
2015-09-28,,,,,235.076960171
2015-09-29,,,,,236.068703858
2015-09-30,,,,,235.762750027
2015-10-01,,,,,234.50435286
2015-10-02,,,,,235.568302417
2015-10-03,,,,,235.741608341
2015-10-04,,,,,236.407356402
2015-10-05,,,,,237.243491744
2015-10-06,,,,,241.325895377
2015-10-07,,,,,243.147280992
2015-10-08,,,,,241.657880266
2015-10-09,,,,,241.068542611
2015-10-10,,,,,242.433811014
2015-10-11,,,,,243.141662886
2015-10-12,,,,,243.435438244
2015-10-13,,,,,244.834984511
2015-10-14,,,,,249.024344402
2015-10-15,,,,,253.190642383
2015-10-16,,,,,258.799769466
2015-10-17,,,,,266.581439913
2015-10-18,,,,,261.294955
2015-10-19,,,,,260.211535366
2015-10-20,,,,,265.220710029
2015-10-21,,,,,264.163115083
2015-10-22,,,,,267.796497878
2015-10-23,,,,,271.035340012
2015-10-24,,,,,273.351279809
2015-10-25,,,,,282.196680942
2015-10-26,,,,,278.613813195
2015-10-27,,,,,287.128726035
2015-10-28,,,,,296.254550931
2015-10-29,,,,,302.851736115
2015-10-30,,,,,313.708725811
2015-10-31,,,,,308.854090413
2015-11-01,,,,,304.416010412
2015-11-02,,,,,320.78938674
2015-11-03,,,,,362.074671536
2015-11-04,,,,,420.280106322
2015-11-05,,,,,394.453352257
2015-11-06,,,,,363.146277403
2015-11-07,,,,,372.044956286
2015-11-08,,,,,369.369983761
2015-11-09,,,,,366.335525412
2015-11-10,,,,,354.685814021
2015-11-11,,,,,315.048744077
2015-11-12,,,,,325.735529289
2015-11-13,,,,,331.371671047
2015-11-14,,,,,329.943696751
2015-11-15,,,,,320.226520248
2015-11-16,,,,,320.310365051
2015-11-17,,,,,330.023874569
2015-11-18,,,,,330.391869499
2015-11-19,,,,,326.031587101
2015-11-20,,,,,317.434871549
2015-11-21,,,,,323.047155272
2015-11-22,,,,,319.932736641
2015-11-23,,,,,320.197403024
2015-11-24,,,,,318.152482018
2015-11-25,,,,,322.321623025
2015-11-26,,,,,343.112402062
2015-11-27,,,,,349.547056669
2015-11-28,,,,,350.035392118
2015-11-29,,,,,359.668294794
2015-11-30,,,,,371.87412532
2015-12-01,,,,,361.932966796
2015-12-02,,,,,353.594588895
2015-12-03,,,,,358.53636757
2015-12-04,,,,,356.673626389
2015-12-05,,,,,370.476942794
2015-12-06,,,,,386.328033209
2015-12-07,,,,,386.704694873
2015-12-08,,,,,394.386143103
2015-12-09,,,,,413.199161634
2015-12-10,,,,,411.924729767
2015-12-11,,,,,428.461737909
2015-12-12,,,,,424.658940019
2015-12-13,,,,,429.552721694
2015-12-14,,,,,438.127386076
2015-12-15,,,,,451.094587841
2015-12-16,,,,,448.836806906
2015-12-17,,,,,447.925369447
2015-12-18,,,,,453.179886755
2015-12-19,,,,,456.069419367
2015-12-20,,,,,444.556060872
2015-12-21,,,,,434.401536285
2015-12-22,,,,,437.194054132
2015-12-23,,,,,439.421017507
2015-12-24,,,,,450.68798239
2015-12-25,,,,,449.42935703
2015-12-26,,,,,422.124825325
2015-12-27,,,,,418.942842433
2015-12-28,,,,,422.924610647
2015-12-29,,,,,426.779178301
2015-12-30,,,,,428.486694756
2015-12-31,,,,,424.847386182
2016-01-01,,,,,429.562056808
2016-01-02,,,,,430.582714566
2016-01-03,,,,,426.811941152
2016-01-04,,,,,429.988506953
2016-01-05,,,,,431.65834943
2016-01-06,,,,,429.434766308
2016-01-07,,,,,443.776325508
2016-01-08,,,,,450.223731705
2016-01-09,,,,,445.643751015
2016-01-10,,,,,441.71101263
2016-01-11,,,,,445.423465351
2016-01-12,,,,,444.595891014
2016-01-13,,,,,430.306441398
2016-01-14,,,,,431.088308531
2016-01-15,,,,,395.959975562
2016-01-16,,,,,368.397459369
2016-01-17,,,,,384.547865863
2016-01-18,,,,,383.253075337
2016-01-19,,,,,384.881349477
2016-01-20,,,,,403.200897005
2016-01-21,,,,,413.548524212
2016-01-22,,,,,392.686346515
2016-01-23,,,,,391.705256414
2016-01-24,,,,,398.957025667
2016-01-25,,,,,397.304796472
2016-01-26,,,,,395.730576395
2016-01-27,,,,,395.391155888
2016-01-28,,,,,385.373038834
2016-01-29,,,,,377.91748387
2016-01-30,,,,,381.477743889
2016-01-31,,,,,379.683652344
2016-02-01,,,,,377.656795857
2016-02-02,,,,,378.542670755
2016-02-03,,,,,373.457313607
2016-02-04,,,,,382.544275202
2016-02-05,,,,,390.023643696
2016-02-06,,,,,382.326313218
2016-02-07,,,,,380.300924473
2016-02-08,,,,,378.700489108
2016-02-09,,,,,378.00777757
2016-02-10,,,,,383.149321052
2016-02-11,,,,,383.418499487
2016-02-12,,,,,387.0371736
2016-02-13,,,,,391.634143437
2016-02-14,,,,,399.893523883
2016-02-15,,,,,403.994628245
2016-02-16,,,,,404.880213781
2016-02-17,,,,,416.495533522
2016-02-18,,,,,419.878281219
2016-02-19,,,,,418.550632398
2016-02-20,,,,,430.240537976
2016-02-21,,,,,436.295076438
2016-02-22,,,,,433.863190736
2016-02-23,,,,,423.845550674
2016-02-24,,,,,420.994455325
2016-02-25,,,,,422.382242709
2016-02-26,,,,,424.855015509
2016-02-27,,,,,430.840084246
2016-02-28,,,,,428.810866785
2016-02-29,,,,,434.481478553
2016-03-01,,,,,433.900426339
2016-03-02,,,,,432.199698868
2016-03-03,,,,,422.802315782
2016-03-04,,,,,419.327271931
2016-03-05,,,,,404.366739109
2016-03-06,,,,,408.60795103
2016-03-07,,,,,411.79777325
2016-03-08,,,,,412.332200397
2016-03-09,,,,,412.434039483
2016-03-10,,,,,413.236839929
2016-03-11,,,,,418.104996238
2016-03-12,,,,,413.016807347
2016-03-13,,,,,413.950803105
2016-03-14,,,,,0.0
2016-03-15,,,,,0.0
2016-03-16,,,,,0.0
2016-03-17,,,,,0.0
2016-03-18,,,,,408.690429159
2016-03-19,,,,,408.70156396
2016-03-20,,,,,411.636988891
2016-03-21,,,,,411.21183243
2016-03-22,,,,,414.15381865
2016-03-23,,,,,415.775261896
2016-03-24,,,,,415.080079856
2016-03-25,,,,,414.252478125
2016-03-26,,,,,414.550973837
2016-03-27,,,,,420.31946077
2016-03-28,,,,,421.00566275
2016-03-29,,,,,415.383503085
2016-03-30,,,,,412.270414722
2016-03-31,,,,,414.050717276
2016-04-01,,,,,413.266555519
2016-04-02,,,,,415.717901111
2016-04-03,,,,,415.936590044
2016-04-04,,,,,415.904293704
2016-04-05,,,,,418.794359507
2016-04-06,,,,,418.21550515
2016-04-07,,,,,416.874749291
2016-04-08,,,,,417.010223038
2016-04-09,,,,,415.130857091
2016-04-10,,,,,416.470686289
2016-04-11,,,,,417.074442824
2016-04-12,,,,,419.493953391
2016-04-13,,,,,420.181138956
2016-04-14,,,,,420.425562933
2016-04-15,,,,,423.650455258
2016-04-16,,,,,427.30975076
2016-04-17,,,,,424.430619467
2016-04-18,,,,,424.090469338
2016-04-19,,,,,425.660963775
2016-04-20,,,,,431.986329553
2016-04-21,,,,,438.657660945
2016-04-22,,,,,439.972600949
2016-04-23,,,,,441.045230471
2016-04-24,,,,,446.291814971
2016-04-25,,,,,450.267328965
2016-04-26,,,,,457.775832045
2016-04-27,,,,,452.674633729
2016-04-28,,,,,440.882843407
2016-04-29,,,,,446.498703475
2016-04-30,,,,,449.446949345
2016-05-01,,,,,448.485114927
2016-05-02,,,,,443.738986248
2016-05-03,,,,,444.543586967
2016-05-04,,,,,444.592931395
2016-05-05,,,,,443.32024904
2016-05-06,,,,,447.948853367
2016-05-07,,,,,452.992537525
2016-05-08,,,,,452.354246677
2016-05-09,,,,,453.52954305
2016-05-10,,,,,451.154553912
2016-05-11,,,,,450.762749169
2016-05-12,,,,,449.79814831
2016-05-13,,,,,452.378304668
2016-05-14,,,,,454.105870602
2016-05-15,,,,,455.175368229
2016-05-16,,,,,454.752992431
2016-05-17,,,,,453.1461264
2016-05-18,,,,,453.939567237
2016-05-19,,,,,448.618465531
2016-05-20,,,,,441.262384839
2016-05-21,,,,,442.322965719
2016-05-22,,,,,441.334299981
2016-05-23,,,,,442.875747031
2016-05-24,,,,,446.28047699
2016-05-25,,,,,448.955402219
2016-05-26,,,,,450.226746205
2016-05-27,,,,,466.06029401
2016-05-28,,,,,487.320829094
2016-05-29,,,,,515.261882767
2016-05-30,,,,,527.435520228
2016-05-31,,,,,526.256216462
2016-06-01,,,,,522.266596255
2016-06-02,,,,,525.094982974
2016-06-03,,,,,543.544725224
2016-06-04,,,,,561.372798785
2016-06-05,,,,,563.310725295
2016-06-06,,,,,572.125686489
2016-06-07,,,,,570.837006707
2016-06-08,,,,,564.180547698
2016-06-09,,,,,0.0
2016-06-10,,,,,565.303654884
2016-06-11,,,,,571.620913898
2016-06-12,,,,,614.600432514
2016-06-13,,,,,663.830021987
2016-06-14,,,,,664.476145199
2016-06-15,,,,,666.294149899
2016-06-16,,,,,703.948194189
2016-06-17,,,,,716.498776142
2016-06-18,,,,,728.23191217
2016-06-19,,,,,726.13401557
2016-06-20,,,,,718.918121045
2016-06-21,,,,,651.712659645
2016-06-22,,,,,610.60114486
2016-06-23,,,,,565.603784137
2016-06-24,,,,,636.547375353
2016-06-25,,,,,643.315465383
2016-06-26,,,,,616.677021413
2016-06-27,,,,,620.511099264
2016-06-28,,,,,631.078865643
2016-06-29,,,,,619.200247187
2016-06-30,,,,,647.065151991
2016-07-01,,,,,661.462501488
2016-07-02,,,,,674.348748696
2016-07-03,,,,,661.01907936
2016-07-04,,,,,656.974367255
2016-07-05,,,,,655.384929078
2016-07-06,,,,,656.882529322
2016-07-07,,,,,621.007812727
2016-07-08,,,,,633.353667706
2016-07-09,,,,,635.257108726
2016-07-10,,,,,632.688373513
2016-07-11,,,,,637.21136019
2016-07-12,,,,,646.769293207
2016-07-13,,,,,651.272106305
2016-07-14,,,,,646.654308919
2016-07-15,,,,,651.141621239
2016-07-16,,,,,650.273702591
2016-07-17,,,,,658.04568516
2016-07-18,,,,,660.940869617
2016-07-19,,,,,659.280067946
2016-07-20,,,,,658.637112258
2016-07-21,,,,,655.215868982
2016-07-22,,,,,651.983645445
2016-07-23,,,,,646.173581843
2016-07-24,,,,,651.101220273
2016-07-25,,,,,649.337832922
2016-07-26,,,,,645.792245383
2016-07-27,,,,,648.350925759
2016-07-28,,,,,647.160668804
2016-07-29,,,,,647.561636861
2016-07-30,,,,,648.014626984
2016-07-31,,,,,633.3484311
2016-08-01,,,,,615.727553225
2016-08-02,,,,,554.410724852
2016-08-03,,,,,548.402012859
2016-08-04,,,,,571.295168697
2016-08-05,,,,,572.260168995
2016-08-06,,,,,577.428445229
2016-08-07,,,,,587.525317722
2016-08-08,,,,,586.08479613
2016-08-09,,,,,583.151503111
2016-08-10,,,,,586.969717276
2016-08-11,,,,,588.516265118
2016-08-12,,,,,583.65220389
2016-08-13,,,,,583.893537217
2016-08-14,,,,,569.166151454
2016-08-15,,,,,565.57224056
2016-08-16,,,,,570.296408719
2016-08-17,,,,,572.349945668
2016-08-18,,,,,571.823091161
2016-08-19,,,,,571.987748715
2016-08-20,,,,,576.897118987
2016-08-21,,,,,579.30766387
2016-08-22,,,,,584.549486996
2016-08-23,,,,,583.790661002
2016-08-24,,,,,580.340943359
2016-08-25,,,,,573.462422359
2016-08-26,,,,,577.970170426
2016-08-27,,,,,572.123047417
2016-08-28,,,,,571.628862521
2016-08-29,,,,,575.322678374
2016-08-30,,,,,578.480212874
2016-08-31,,,,,576.613786202
2016-09-01,,,,,575.106234602
2016-09-02,,,,,573.726446606
2016-09-03,,,,,587.276641916
2016-09-04,,,,,603.889627531
2016-09-05,,,,,603.735013593
2016-09-06,,,,,605.514438176
2016-09-07,,,,,607.58598319
2016-09-08,,,,,621.070848625
2016-09-09,,,,,620.320367521
2016-09-10,,,,,622.847976577
2016-09-11,,,,,614.511160929
2016-09-12,,,,,606.834364062
2016-09-13,,,,,608.635549386
2016-09-14,,,,,608.034606977
2016-09-15,,,,,608.389550271
2016-09-16,,,,,608.467023908
2016-09-17,,,,,607.674451013
2016-09-18,,,,,609.020075286
2016-09-19,,,,,610.831768585
2016-09-20,,,,,609.741032511
2016-09-21,,,,,600.33536901
2016-09-22,,,,,597.581147304
2016-09-23,,,,,600.529276529
2016-09-24,,,,,603.480410225
2016-09-25,,,,,602.610900307
2016-09-26,,,,,606.200368963
2016-09-27,,,,,607.379625934
2016-09-28,,,,,604.562265054
2016-09-29,,,,,603.271216155
2016-09-30,,,,,602.697172868
2016-10-01,,,,,607.668535564
2016-10-02,,,,,608.73654278
2016-10-03,,,,,608.24252287
2016-10-04,,,,,608.021566578
2016-10-05,,,,,608.653681062
2016-10-06,,,,,608.912462651
2016-10-07,,,,,613.262128081
2016-10-08,610.047729604,35.7598532258,539.959705189,680.135754019,
2016-10-09,607.799994165,44.6617047553,520.264661357,695.335326974,
2016-10-10,606.550581183,49.2046508948,510.111237557,702.989924809,
2016-10-11,605.492019878,52.9529091475,501.706225073,709.277814684,
2016-10-12,604.436837162,56.4312248221,493.833668907,715.040005417,
2016-10-13,603.385022251,59.6869404961,486.400768531,720.36927597,
2016-10-14,602.336564395,62.7548343441,479.339349225,725.333779565,
